病院名,勤務日,勤務時間1,勤務時間2,募集科目,給与,所在,施設,URL
医,療,法,人,社,団,福,寿,会, ,赤,羽,岩,渕,病,院,東,京,都, ,北,区,（,最,寄,：,J,R,湘,南,新,宿,ラ,イ,ン,、,京,浜,東,北,線,、,埼,京,線,、,宇,都,宮,線,、,高,崎,.,.,.
公,益,財,団,法,人, ,パ,ブ,リ,ッ,ク,ヘ,ル,ス,リ,サ,ー,チ,セ,ン,タ,ー,附,属,健,康,増,進,セ,ン,タ,ー,　,西,日,本,健,診,グ,ル,ー,プ,福,岡,県, ,福,岡,市,（,最,寄,：,福,岡,市,営,地,下,鉄,七,隈,線, ,「,福,大,前,駅,」,）
一,般,社,団,法,人, ,日,本,健,康,倶,楽,部,　,沖,縄,支,部,沖,縄,県, ,浦,添,市
一,般,社,団,法,人, ,日,本,健,康,倶,楽,部,　,沖,縄,支,部,沖,縄,県, ,沖,縄,市
一,般,社,団,法,人, ,日,本,健,康,倶,楽,部,　,沖,縄,支,部,沖,縄,県, ,読,谷,村
一,般,社,団,法,人, ,日,本,健,康,倶,楽,部,　,沖,縄,支,部,沖,縄,県, ,読,谷,村
医,療,法,人,社,団,幸,訪,会, ,高,田,馬,場,ク,リ,ニ,ッ,ク,皮,膚,科,東,京,都, ,新,宿,区
医,療,法,人,社,団,苑,田,会, ,花,は,た,リ,ハ,ビ,リ,テ,ー,シ,ョ,ン,病,院,東,京,都, ,足,立,区,（,最,寄,：,東,武,ス,カ,イ,ツ,リ,ー,ラ,イ,ン, ,「,竹,ノ,塚,」,駅,東,口,ほ,か,）
医,療,法,人,社,団,苑,田,会, ,花,は,た,リ,ハ,ビ,リ,テ,ー,シ,ョ,ン,病,院,東,京,都, ,足,立,区,（,最,寄,：,東,武,ス,カ,イ,ツ,リ,ー,ラ,イ,ン, ,「,竹,ノ,塚,」,駅,東,口,ほ,か,）
